{"today":"2020-11-16","yesterday":0.0004729999999999457,"7 days ago delta":0.0017059999999999853,"1 month ago delta":0.012512999999999996,"1 year ago delta":0.07888300000000004,"rate today":1.184013}