today,yesterday delta,7 days ago delta,1 month ago delta,1 year ago delta,rate today
2020-12-02,-0.0010369999999999546,0.014801000000000064,0.04205900000000007,0.09857999999999989,1.206251
