{"today":"2020-11-22","yesterday":0.0,"7 days ago delta":0.0016519999999999868,"1 month ago delta":-0.0003649999999999487,"1 year ago delta":0.08353499999999991,"rate today":1.185665}