today,yesterday delta,7 days ago delta,1 month ago delta,1 year ago delta,rate today
2020-11-30,0.0007660000000000444,0.01104599999999989,0.030332999999999943,0.096055,1.19787
