{"today":"2020-12-02","yesterday":-0.0010369999999999546,"7 days ago delta":0.014801000000000064,"1 month ago delta":0.04205900000000007,"1 year ago delta":0.09857999999999989,"rate today":1.206251}