{"today":"2020-11-30","yesterday":0.0007660000000000444,"7 days ago delta":0.01104599999999989,"1 month ago delta":0.030332999999999943,"1 year ago delta":0.096055,"rate today":1.19787}