today,yesterday delta,7 days ago delta,1 month ago delta,1 year ago delta,rate today
2020-11-22,0.0,0.0016519999999999868,-0.0003649999999999487,0.08353499999999991,1.185665
