{"today":"2020-12-07","yesterday":0.002354999999999885,"7 days ago delta":0.007166000000000006,"1 month ago delta":0.027018999999999904,"1 year ago delta":0.10857899999999998,"rate today":1.214454}